{"cameraMode":{"drawMode":0,"name":"Shaded","section":"Shading Mode"},"sceneLighting":true,"audioPlay":false,"sceneViewState":{"showFog":true,"showMaterialUpdate":false,"showSkybox":true,"showFlares":true,"showImageEffects":true,"showParticleSystems":true},"in2DMode":false,"pivot":{"x":-0.7770818471908569,"y":1.22616446018219,"z":3.3111791610717775},"rotation":{"x":-0.0014902041293680668,"y":0.11286187171936035,"z":0.0001668184413574636,"w":0.9936132431030273},"size":1.3637752532958985,"orthographic":false}