{"cameraMode":{"drawMode":0,"name":"Shaded","section":"Shading Mode"},"sceneLighting":true,"audioPlay":false,"sceneViewState":{"showFog":true,"showMaterialUpdate":false,"showSkybox":true,"showFlares":true,"showImageEffects":true,"showParticleSystems":true},"in2DMode":false,"pivot":{"x":-23.808195114135743,"y":-33.243125915527347,"z":5.575103759765625},"rotation":{"x":0.16244696080684663,"y":-0.8356998562812805,"z":0.4005931615829468,"w":0.3388429284095764},"size":118.58464050292969,"orthographic":false}