{"cameraMode":{"drawMode":0,"name":"Shaded","section":"Shading Mode"},"sceneLighting":true,"audioPlay":false,"sceneViewState":{"showFog":true,"showMaterialUpdate":false,"showSkybox":true,"showFlares":true,"showImageEffects":true,"showParticleSystems":true},"in2DMode":false,"pivot":{"x":-6.1609320640563969,"y":0.808159589767456,"z":-5.1270036697387699},"rotation":{"x":0.023382939398288728,"y":0.032985445111989978,"z":-0.0007713279337622225,"w":0.9991829991340637},"size":9.434294700622559,"orthographic":false}