{"cameraMode":{"drawMode":0,"name":"Shaded","section":"Shading Mode"},"sceneLighting":true,"audioPlay":false,"sceneViewState":{"showFog":true,"showMaterialUpdate":false,"showSkybox":true,"showFlares":true,"showImageEffects":true,"showParticleSystems":true},"in2DMode":false,"pivot":{"x":-1.2332663536071778,"y":24.17683219909668,"z":-8.627917289733887},"rotation":{"x":0.48284977674484255,"y":0.01628798432648182,"z":-0.008983035571873188,"w":0.875508725643158},"size":15.582429885864258,"orthographic":false}