{"cameraMode":{"drawMode":0,"name":"Shaded","section":"Shading Mode"},"sceneLighting":true,"audioPlay":false,"sceneViewState":{"showFog":true,"showMaterialUpdate":false,"showSkybox":true,"showFlares":true,"showImageEffects":true,"showParticleSystems":true},"in2DMode":false,"pivot":{"x":-4.114837646484375,"y":-8.035388946533204,"z":0.3280525207519531},"rotation":{"x":0.2681516706943512,"y":0.013584887608885765,"z":-0.0037845210172235967,"w":0.9632778167724609},"size":60.7554931640625,"orthographic":false}