{"cameraMode":{"drawMode":0,"name":"Shaded","section":"Shading Mode"},"sceneLighting":true,"audioPlay":false,"sceneViewState":{"showFog":true,"showMaterialUpdate":false,"showSkybox":true,"showFlares":true,"showImageEffects":true,"showParticleSystems":true},"in2DMode":false,"pivot":{"x":-25.683212280273439,"y":-5.782875061035156,"z":-4.462871551513672},"rotation":{"x":0.16597041487693788,"y":-0.5618909597396851,"z":0.11618447303771973,"w":0.8020667433738709},"size":69.04073333740235,"orthographic":false}